Trial,Agent,True_Preference,Submitted_List,Thought_Process,Is_Honest,Matched_Company,Stability,Efficiency,Result_Rank
1,Seeker_A,"['Company_D', 'Company_A', 'Company_B', 'Company_E', 'Company_C']","['Company_D', 'Company_E', 'Company_A', 'Company_B', 'Company_C']","I rank Company_D first because it is my top true choice, but Company_D’s priority list puts me last, so I will be rejected once higher-priority applicants (especially Seeker_B/Seeker_D/Seeker_E/Seeker_C) apply there. Anticipating that, I place Company_E second because Company_E ranks me #1, so if I apply there in round 2 I will displace any temporary admit and secure a final match. I keep the remaining companies in my true-preference order as fallbacks, but they are unlikely to be reached given Company_E’s strong priority for me.",False,Company_E,True,False,4
1,Seeker_B,"['Company_E', 'Company_A', 'Company_B', 'Company_D', 'Company_C']","['Company_D', 'Company_E', 'Company_A', 'Company_B', 'Company_C']","I cannot obtain Company_E because Company_E will always keep Seeker_A over me (higher priority) and Seeker_A applies to E first and never gets displaced there. Company_A is also unattainable because Company_A will always keep Seeker_E (top priority), and Seeker_E will apply to A after being rejected by D (where D prefers me). Therefore my best achievable match is Company_D, where I am the top-priority applicant; by ranking D first I secure it immediately and avoid being stuck in worse outcomes caused by rejections and cascading competition at B/C.",False,Company_D,True,False,4
1,Seeker_C,"['Company_D', 'Company_C', 'Company_E', 'Company_A', 'Company_B']","['Company_D', 'Company_A', 'Company_C', 'Company_E', 'Company_B']","I rank Company_D first because it is my top true choice and I have relatively strong priority there (4th), so I can win it if higher-priority seekers don’t end up applying/holding it. If I’m rejected from D, my best attainable fallback is Company_A: although A is 4th on my true list, Company_A ranks me 2nd, making it very likely I can secure it once I apply (especially if Seeker_E does not apply there). I place Company_C next because Company_C ranks me last, so it is very unlikely I can obtain it in any round; putting it earlier would risk wasting an early application step. Company_E is also difficult (they rank me last), but still preferable to Company_B, where I am 4th and face strong competition. This ordering maximizes my chance to end at D, and if not, to quickly lock in A rather than losing it while chasing low-probability options.",False,Company_A,True,False,4
1,Seeker_D,"['Company_D', 'Company_B', 'Company_C', 'Company_A', 'Company_E']","['Company_D', 'Company_B', 'Company_C', 'Company_A', 'Company_E']","I rank Company_D first because it is my top true choice and I have high priority there (2nd), so I can win it unless Seeker_B applies (they are ranked above me and also prefer Company_D first). If Seeker_B takes Company_D, my best achievable fallback is Company_B where I am the top priority, so listing Company_B second guarantees I secure it immediately upon rejection from D. After that I keep my remaining true preferences in order (C, A, E) since I also have strong priorities at C (top) and E (2nd), and no beneficial misreport improves upon the D-then-B strategy given others’ preferences and priorities.",True,Company_B,True,False,2
1,Seeker_E,"['Company_D', 'Company_E', 'Company_C', 'Company_B', 'Company_A']","['Company_D', 'Company_E', 'Company_C', 'Company_B', 'Company_A']","Apply to Company_D first because it is my top true choice and I have relatively strong priority there (3rd), so if higher-priority seekers (especially Seeker_B or Seeker_D) do not apply or later get displaced elsewhere, I can secure it. If rejected, apply to Company_E next since it is my 2nd true choice and I am also 3rd in its priority list, giving a solid chance if higher-priority applicants are filtered out. Then proceed to Company_C where I am 2nd in priority (very strong fallback), followed by Company_B (low priority) and finally Company_A (where I am top priority, but it is my least preferred). This ordering best balances reaching my top choices while preserving strong priority fallbacks under the deferred acceptance process.",True,Company_C,True,False,3
2,Seeker_A,"['Company_D', 'Company_A', 'Company_B', 'Company_E', 'Company_C']","['Company_D', 'Company_A', 'Company_B', 'Company_E', 'Company_C']","I should submit my true preference order because the procedure is job-seeker-proposing deferred acceptance, where ranking a company higher cannot hurt my final match (it only affects where I apply earlier). With full information: in round 1 I apply to Company_D but will be rejected because Company_D’s top applicant among those who apply there is Seeker_B (higher priority than me). Then I apply to Company_A and will also be rejected because Company_A prefers Seeker_C over me. Next I apply to Company_B, where I have high priority (2nd) and will be accepted over Seeker_C/Seeker_E, and no later step can dislodge me because any higher-priority applicant for Company_B (Seeker_D) is expected to remain with Company_D. Thus truthful ordering yields my best achievable outcome (Company_B).",True,Company_A,True,False,2
2,Seeker_B,"['Company_E', 'Company_A', 'Company_B', 'Company_D', 'Company_C']","['Company_D', 'Company_E', 'Company_A', 'Company_B', 'Company_C']","Given all preferences/priorities, applying truthfully is best. If I apply first to Company_E, I am only 4th in its priority and will be rejected once Company_A (their top choice) applies there after being rejected by Company_D. If instead I apply first to Company_D, I am Company_D’s top priority, so I will be held there permanently (Company_D will never drop me). Company_D is my 4th true choice, but it is the best outcome I can guarantee; my top three (E, A, B) are effectively unreachable because those firms have higher-priority applicants who will end up applying to them and displacing me. After Company_D, I list remaining firms in true-preference order.",False,Company_D,True,False,4
2,Seeker_C,"['Company_D', 'Company_C', 'Company_E', 'Company_A', 'Company_B']","['Company_D', 'Company_C', 'Company_E', 'Company_A', 'Company_B']","To maximize my outcome under job-seeker-proposing deferred acceptance, I should submit my true preference order. As Seeker_C, my top choice is Company_D, but Company_D prioritizes Seeker_B, then Seeker_D, then Seeker_E ahead of me, so I am likely to be rejected there. The algorithm then moves me to my next best options. Company_C ranks me last, so I will also likely be rejected if higher-priority seekers apply. Company_E also ranks me last. Company_A ranks me 2nd (behind Seeker_E), making it my best realistic fallback if I get rejected elsewhere. Company_B ranks me 4th, my weakest fallback. Any misreport (e.g., moving Company_A earlier) risks giving up a chance at a better company without improving my ability to displace higher-priority candidates at D/C/E, so truthful ordering is optimal.",True,Company_C,True,False,2
2,Seeker_D,"['Company_D', 'Company_B', 'Company_C', 'Company_A', 'Company_E']","['Company_D', 'Company_B', 'Company_C', 'Company_A', 'Company_E']","Apply to Company_D first because it is my top true choice and I have 2nd priority there; although Seeker_B has higher priority at D, B applies to E first and is likely to be accepted there, so D should remain available for me. Even if B later applies to D, I can still secure a strong fallback: Company_B ranks me #1, so listing it second guarantees acceptance if I ever get rejected from D. Next, Company_C also ranks me #1, making it a safe third option. Company_A ranks me mid-pack and Company_E ranks me #2, but they are less reliable given other seekers’ top choices, so they go last in my true-preference order.",True,Company_B,True,False,2
2,Seeker_E,"['Company_D', 'Company_E', 'Company_C', 'Company_B', 'Company_A']","['Company_E', 'Company_D', 'Company_C', 'Company_B', 'Company_A']","I want Company_D most, but Company_D’s top priority is Seeker_B, who also ranks Company_D low enough that they will likely apply there after being rejected elsewhere; this makes it hard for me to hold Company_D if I go there early. Company_E is my second choice and I am ranked 3rd there; importantly, higher-priority seekers (Seeker_A and Seeker_D) are likely to get/keep other top options (especially Company_D), so Company_E is relatively “safe” for me to secure. By ranking Company_E first, I can get a strong, stable match and avoid ending up pushed down later. After that I list the remaining firms in true-preference order as fallbacks.",False,Company_E,True,False,2
3,Seeker_A,"['Company_D', 'Company_A', 'Company_B', 'Company_E', 'Company_C']","['Company_B', 'Company_D', 'Company_A', 'Company_E', 'Company_C']","With full information, the best achievable match for me is Company_B. If I apply to Company_D first, I am last in Company_D’s priority and will be rejected once higher-priority seekers apply there, after which Company_B will already be filled by Seeker_D (who has top priority at Company_B). By ranking Company_B first, I secure it immediately because Company_B’s top choice (Seeker_D) applies to Company_D first and stays there, so no higher-priority applicant challenges me at Company_B. I then list the remaining companies in my true preference order as backups, though they won’t be reached if I’m accepted at Company_B in round 1.",False,Company_E,True,False,4
3,Seeker_B,"['Company_E', 'Company_A', 'Company_B', 'Company_D', 'Company_C']","['Company_E', 'Company_A', 'Company_B', 'Company_D', 'Company_C']","With seeker-proposing deferred acceptance, submitting my true preferences is optimal: misreporting can only risk losing a better attainable match without improving it. Applying first to Company_E is safe because I am not its top priority, but if I can get it I should; if rejected, I move to Company_A, then Company_B. Company_D ranks me #1, so placing it below B still guarantees I can fall back to D if I’m rejected elsewhere, while keeping higher true choices above it.",True,Company_D,True,False,4
3,Seeker_C,"['Company_D', 'Company_C', 'Company_E', 'Company_A', 'Company_B']","['Company_D', 'Company_A', 'Company_C', 'Company_E', 'Company_B']","I should rank Company_D first because it is my top true choice and I have relatively strong priority there (4th), while the main competition for D is Seeker_B (1st) and Seeker_D/Seeker_E (2nd/3rd). If I don’t try for D immediately, I could lose it permanently. If rejected from D, my best attainable fallback is Company_A: I am 2nd in Company_A’s priority list, and the only seeker ranked above me (Seeker_E) is likely to be held by Company_D (where E ranks D first and D ranks E above me). Company_C is very hard for me because I am last in C’s priority, and Company_E is also hard because I am last there; thus placing A above C and E increases my chance of securing a high-ranked feasible match after a D rejection. Company_B is last because it is my least-preferred and I have weak priority there as well (4th).",False,Company_A,True,False,4
3,Seeker_D,"['Company_D', 'Company_B', 'Company_C', 'Company_A', 'Company_E']","['Company_D', 'Company_B', 'Company_C', 'Company_A', 'Company_E']","Submitting my true order is optimal under this seeker-proposing deferred acceptance procedure. I apply to Company_D first; although multiple seekers want D, Company_D’s priority ranks me 2nd (behind Seeker_B). If Seeker_B takes D, I am rejected and then apply to Company_B, where I am ranked 1st and will displace any current tentative admit. This guarantees I end at Company_D if available, otherwise at Company_B, which is my best achievable fallback. Any misreport (e.g., not listing D first) could forfeit a chance at D without improving my outcome beyond B, since I already have top priority at B.",True,Company_B,True,False,2
3,Seeker_E,"['Company_D', 'Company_E', 'Company_C', 'Company_B', 'Company_A']","['Company_D', 'Company_E', 'Company_C', 'Company_B', 'Company_A']","To maximize my outcome under the applicant-proposing deferred acceptance process, I should apply first to my top true choice (Company_D). If rejected, I should next apply to Company_E, where I have relatively strong priority (3rd) and can potentially displace others who may apply there (e.g., Seeker_B is below me at Company_E). If that fails, Company_C is next-best and I have decent priority (2nd). Company_B is risky because I am last in its priority list, so it should be after C. Finally, Company_A is last on my true preferences (even though I’m top priority there), so I keep it last to avoid getting locked into it before trying preferred options.",True,Company_C,True,False,3
4,Seeker_A,"['Company_D', 'Company_A', 'Company_B', 'Company_E', 'Company_C']","['Company_B', 'Company_D', 'Company_A', 'Company_E', 'Company_C']","I want the highest feasible match on my true list given others’ preferences and companies’ priorities under job-seeker-proposing DA. If I apply to Company_D first, I will be rejected because Company_D prioritizes Seeker_B (and Seeker_B applies to D after being rejected by E), so I cannot hold D. Applying to Company_A first also fails because Company_A prioritizes Seeker_E highest and Seeker_E applies to A after being rejected by D, displacing me. Applying to Company_B first is best: Company_B ranks me above Seeker_B and below only Seeker_D (who applies to D and stays there), so I can secure B early and keep it. Ordering the rest truthfully after that (E then C) is safe as fallbacks.",False,Company_B,False,True,3
4,Seeker_B,"['Company_E', 'Company_A', 'Company_B', 'Company_D', 'Company_C']","['Company_E', 'Company_A', 'Company_B', 'Company_D', 'Company_C']","I should rank truthfully because the process is seeker-proposing deferred acceptance, where submitting my true preferences is a dominant strategy. With everyone’s true lists, I apply to Company_E first (my top choice). Although Company_E prefers others over me, applying elsewhere first cannot improve my final match and could only risk losing a higher-preferred feasible outcome. If rejected, the algorithm will move me to Company_A, then Company_B, then Company_D, then Company_C in my true order, ensuring the best achievable stable match for me given company priorities and other seekers’ applications.",True,Company_A,False,True,2
4,Seeker_C,"['Company_D', 'Company_C', 'Company_E', 'Company_A', 'Company_B']","['Company_D', 'Company_C', 'Company_E', 'Company_A', 'Company_B']","I should rank truthfully. With all seekers applying to their first choices, Company_D will receive applications from A, C (me), D, and E; Company_D’s top priority among them is Seeker_D, so I will be rejected from D in round 1. In round 2, I apply to my next choice Company_C, which is only sought by others later (A has it 5th, B 5th, D 3rd, E 3rd). Company_C will at that point hold either no one or a lower-priority applicant, and it ranks me below D/E/A/B but above nobody else applying that early, so I secure Company_C. Any attempt to ‘game’ by ranking Company_C first would not improve my outcome (I still can’t beat Seeker_D at Company_D, and Company_C is already attainable as my second choice), and misranking risks losing Company_C if later higher-priority seekers reach it before I do.",True,Company_C,False,True,2
4,Seeker_D,"['Company_D', 'Company_B', 'Company_C', 'Company_A', 'Company_E']","['Company_D', 'Company_B', 'Company_C', 'Company_A', 'Company_E']","To maximize my outcome under seeker-proposing deferred acceptance, I should list companies in my true preference order. Misreporting can only risk being rejected from a more-preferred firm and getting locked into a worse one. Given others’ first choices, Company_D will receive multiple applications (A, C, E, and me), and Company_D’s priority ranks Seeker_B first and me second, so I will lose Company_D if Seeker_B ever applies there. Seeker_B starts at Company_E and will be rejected there because Company_E prioritizes Seeker_A first and Seeker_A applies to E only after being rejected from D; thus B will then apply to A/B before D, and will be accepted at A (where B is last but A is likely open by then) or B (where B is below me but I would already have applied). Meanwhile, if I apply to D first, I am temporarily accepted at D and will only be displaced if Seeker_B later applies; if that happens, my next best safe target is Company_B where I have top priority, making it an excellent fallback. Therefore, submitting my true order (D, B, C, A, E) gives me the best chance at D and guarantees the best available backup (B).",True,Company_D,False,True,1
4,Seeker_E,"['Company_D', 'Company_E', 'Company_C', 'Company_B', 'Company_A']","['Company_D', 'Company_E', 'Company_C', 'Company_B', 'Company_A']","Given others’ first choices, Seeker_B applies to Company_E and Seeker_A/Seeker_C/Seeker_D apply to Company_D. If I apply to Company_D first, I would be rejected there (Company_D priority ranks me below Seeker_B and Seeker_D), and then I can apply to Company_E where I have higher priority than Seeker_B. This secures Company_E, which is my 2nd true choice. If instead I apply to Company_E first, I would likely be displaced by Seeker_A in later rounds (Company_E ranks Seeker_A above me), risking a worse final match. Therefore I submit my true order, with Company_D first to force a rejection and then land Company_E safely.",True,Company_E,False,True,2
5,Seeker_A,"['Company_D', 'Company_A', 'Company_B', 'Company_E', 'Company_C']","['Company_D', 'Company_A', 'Company_B', 'Company_E', 'Company_C']","To maximize my outcome under seeker-proposing deferred acceptance, I should rank companies in my true order. The algorithm is strategy-proof for seekers, so misreporting cannot get me a better (higher-ranked) match and can only risk a worse one. With full information: Company_D is my top choice but I have the lowest priority there, so I will likely be rejected and then move on; ranking truthfully ensures I then apply to Company_A next (my best remaining option). If I were to skip Company_D or reorder, I could only forgo any chance at D and potentially end up matched to a lower true preference without improving my best attainable stable match.",True,Company_A,True,True,2
5,Seeker_B,"['Company_E', 'Company_A', 'Company_B', 'Company_D', 'Company_C']","['Company_E', 'Company_A', 'Company_B', 'Company_D', 'Company_C']","I should rank truthfully because the procedure is job-seeker-proposing deferred acceptance, where misreporting cannot improve my outcome given full information. Applying first to Company_E is best; although I am only 4th in Company_E’s priority, I lose nothing by trying since rejection just moves me to my next choice. If rejected, Company_A is very unlikely (I am last), then Company_B (I am 3rd), then Company_D (I am 1st, so I will be accepted once I apply there), and finally Company_C as a fallback.",True,Company_B,True,True,3
5,Seeker_C,"['Company_D', 'Company_C', 'Company_E', 'Company_A', 'Company_B']","['Company_D', 'Company_C', 'Company_E', 'Company_A', 'Company_B']","I should rank truthfully because the job-seeker-proposing deferred acceptance algorithm makes it a dominant strategy: misreporting cannot get me a better outcome. Given others’ first choices, Company_D will receive many initial applications; Company_D’s priority ranks me 4th, so I will likely be rejected there and then apply to Company_C, where I am lowest priority but may still get it depending on who remains. Any attempt to game by skipping Company_D risks losing a chance at my top choice without improving my final match, so I keep my true order.",True,Company_C,True,True,2
5,Seeker_D,"['Company_D', 'Company_B', 'Company_C', 'Company_A', 'Company_E']","['Company_D', 'Company_B', 'Company_C', 'Company_A', 'Company_E']","Applying to Company_D first is optimal because it is my top true choice and I have the 2nd-highest priority there; the only seeker who can beat me at Company_D is Seeker_B, who will apply to Company_E first and is likely to be accepted there given Company_E ranks Seeker_B above its likely alternative (Seeker_E). Thus Company_D should remain available for me. As a contingency, my next best options are Company_B then Company_C, where I am ranked #1 at both, making them very safe backups if I were unexpectedly displaced at Company_D. Company_A is next (I’m mid-priority there), and Company_E last (I’m #2 but it is heavily contested). Therefore I submit my true preference order.",True,Company_D,True,True,1
5,Seeker_E,"['Company_D', 'Company_E', 'Company_C', 'Company_B', 'Company_A']","['Company_E', 'Company_D', 'Company_C', 'Company_B', 'Company_A']","To maximize my final match, I want to avoid being displaced at a company where I have low priority. At Company_E I am 3rd priority, while the only seekers who rank E highly enough to apply early are Seeker_B (1st) and Seeker_C (3rd), and both are likely to be pushed away from E because Company_E prefers Seeker_A and Seeker_D above them, and A/D are likely to apply to E after being rejected from Company_D. Meanwhile, Company_D is my true top choice but I am only 3rd priority there and D is the top choice of multiple seekers, so applying to D first is very likely to lead to rejection and then I may face tougher competition later. By ranking Company_E first, I can secure E early and I have priority over Seeker_B and Seeker_C at E, and I am also ahead of B at Company_D if I end up needing to apply there later. I then list the remaining companies in true-preference order (C, B, A) as fallbacks, noting that Company_A ranks me highest, so it is a safe last resort if needed.",False,Company_E,True,True,2
6,Seeker_A,"['Company_D', 'Company_A', 'Company_B', 'Company_E', 'Company_C']","['Company_D', 'Company_A', 'Company_B', 'Company_E', 'Company_C']","With seeker-proposing deferred acceptance, submitting my true preference order is a weakly dominant strategy: it guarantees the best achievable stable match for me and cannot be improved by misreporting. Applying first to Company_D is unlikely to stick because Company_D prioritizes me last and will keep Seeker_B/Seeker_D/Seeker_E over me if they apply. Then my best attainable outcome comes via Company_A (my #2), where I outrank Seeker_B and Seeker_D but not Seeker_E or Seeker_C; given others' preferences, Seeker_E is likely to end up at Company_E and Seeker_C at Company_C, leaving Company_A feasible for me. Ranking Company_B next is sensible because Company_B ranks me 2nd, giving me a strong chance if Company_A is taken. The remaining order follows my true preferences.",True,Company_A,True,False,2
6,Seeker_B,"['Company_E', 'Company_A', 'Company_B', 'Company_D', 'Company_C']","['Company_D', 'Company_E', 'Company_A', 'Company_B', 'Company_C']","I want the highest company on my true list that I can realistically secure under seeker-proposing deferred acceptance. If I apply to Company_E first, I will be rejected because Company_E prioritizes Seeker_A and Seeker_D ahead of me, and Seeker_A applies to E early while D can also reach E. Applying first to Company_D is best because Company_D ranks me #1, so I will be held there and never displaced, guaranteeing a match. I then list remaining companies in true-preference order as fallbacks, though they are unlikely to matter once I secure D.",False,Company_D,True,False,4
6,Seeker_C,"['Company_D', 'Company_C', 'Company_E', 'Company_A', 'Company_B']","['Company_D', 'Company_C', 'Company_E', 'Company_A', 'Company_B']","I want Company_D most, but Company_D’s top priority is Seeker_B (then Seeker_D, Seeker_E, me, Seeker_A). Seeker_B ranks Company_E first and is accepted there (Company_E ranks Seeker_B above me), so Seeker_B won’t compete for Company_D. The main threat at Company_D is Seeker_D, who ranks Company_D first and has higher priority than me at Company_D, so I will be rejected from Company_D in round 1. My best attainable outcome is then Company_C: Seeker_D will move to Company_B after being rejected from Company_D and will take Company_B (where they are top priority), so they won’t block me at Company_C. Seeker_E ranks Company_D first and will take it once Seeker_D is out, and Seeker_A ranks Company_D first but is lower priority than me at Company_D and won’t affect my ability to get Company_C. Therefore, the optimal strategy is to apply to Company_D first (in case Seeker_D doesn’t take it) and then to Company_C second to secure my best feasible match; remaining companies follow my true preferences.",True,Company_C,True,False,2
6,Seeker_D,"['Company_D', 'Company_B', 'Company_C', 'Company_A', 'Company_E']","['Company_D', 'Company_B', 'Company_C', 'Company_A', 'Company_E']","I should rank truthfully because the procedure is the job-seeker-proposing deferred acceptance algorithm, where misreporting cannot improve my outcome. With my true list, I first apply to Company_D. Although several seekers also want Company_D, Company_D’s priority ranks me 2nd (behind Seeker_B). If Seeker_B takes Company_D, my next application is Company_B, where I am ranked 1st, so I would secure Company_B. Any attempt to start with Company_B would guarantee Company_B but would forgo the chance of getting my top choice Company_D, so the best strategy is to keep Company_D first and then follow my true preferences.",True,Company_B,True,False,2
6,Seeker_E,"['Company_D', 'Company_E', 'Company_C', 'Company_B', 'Company_A']","['Company_D', 'Company_E', 'Company_C', 'Company_B', 'Company_A']","To maximize my outcome, I should target the highest-ranked company where I have a realistic chance given others’ first choices and each company’s priority. Company_D is my top choice and while Seeker_B has higher priority there, Seeker_B applies first to Company_E (their top), so applying to Company_D first gives me a strong chance to be held unless Seeker_B later gets rejected and comes to D. If that happens, I likely lose D, so my next best and safest fallback is Company_E where I have decent priority (3rd) and can win it if higher-priority seekers are placed elsewhere. Company_C is next since I am 2nd in its priority list, making it a strong further fallback. Company_B and then Company_A are last resorts (I am lowest at B but top at A), so I keep them in true preference order to preserve best possible final match under the applicant-proposing process.",True,Company_E,True,False,2
7,Seeker_A,"['Company_D', 'Company_A', 'Company_B', 'Company_E', 'Company_C']","['Company_D', 'Company_A', 'Company_B', 'Company_E', 'Company_C']","To maximize my outcome under seeker-proposing deferred acceptance, I should apply in my true preference order. This algorithm is strategy-proof for seekers: misreporting cannot get me a better (higher-ranked) match than truthful reporting. Given others’ preferences, Company_D will end up holding Seeker_B (its top choice) and I would be rejected there, then Company_A would hold Seeker_C over me, then Company_B would hold me over competing applicants, yielding Company_B. Any attempt to skip ahead (e.g., ranking Company_B first) cannot improve on Company_B and could only risk a worse outcome if it changes the rejection/timing structure unfavorably.",True,Company_A,True,False,2
7,Seeker_B,"['Company_E', 'Company_A', 'Company_B', 'Company_D', 'Company_C']","['Company_D', 'Company_E', 'Company_A', 'Company_B', 'Company_C']","I want Company_E most, but Company_E’s top priorities are Seeker_A then Seeker_D then Seeker_E, and Seeker_A applies to Company_D first (and is lowest priority at D), so A is likely to get rejected from D and then apply to E, where A outranks me and would displace me. Company_D, however, ranks me #1, so if I apply to D first I will be held there permanently (no one can bump me). This guarantees a stable match at D rather than risking being bumped from E and falling further down my list. No alternative ordering can secure A/B/E for me given the companies’ priorities and others’ likely rejections.",False,Company_D,True,False,4
7,Seeker_C,"['Company_D', 'Company_C', 'Company_E', 'Company_A', 'Company_B']","['Company_D', 'Company_C', 'Company_E', 'Company_A', 'Company_B']","I should rank truthfully because the job-seeker-proposing deferred acceptance algorithm makes it a weakly dominant strategy: misreporting cannot get me a better (higher-ranked) outcome than my true list. Given others’ first choices, Company_D will receive multiple applications and (by its priority list) will keep Seeker_B over me, so I will be rejected there. My next best is Company_C; it will also be contested, but I can potentially displace a lower-priority tentative admit (e.g., Seeker_B) and secure Company_C. Any attempt to ""game"" by skipping to a lower choice first risks locking me into a worse final match, since later applications cannot improve beyond what truthful proposing would yield.",True,Company_C,True,False,2
7,Seeker_D,"['Company_D', 'Company_B', 'Company_C', 'Company_A', 'Company_E']","['Company_D', 'Company_B', 'Company_C', 'Company_A', 'Company_E']","Submitting my true order is optimal under this seeker-proposing deferred acceptance procedure. If I apply to Company_D first, I have priority #2 there and only Seeker_B can beat me; others (A,C,E) rank D first but have lower priority than me, so I would only be rejected if B also applies to D. In that case, my next best option is Company_B where I am priority #1, guaranteeing acceptance once I apply. Any attempt to ‘avoid’ D by ranking B first would risk losing the chance to get D in cases where B does not take D, without improving my fallback (since B is secure for me anyway). Therefore I list companies in my true preference order.",True,Company_B,True,False,2
7,Seeker_E,"['Company_D', 'Company_E', 'Company_C', 'Company_B', 'Company_A']","['Company_D', 'Company_E', 'Company_C', 'Company_B', 'Company_A']","I want the highest firm on my true list that I can realistically secure given others’ preferences and firms’ priorities. Company_D is my top choice and, although I face competition (A, C, D also apply there first), Company_D ranks me above Seeker_C and Seeker_A, so applying there first gives me a chance if Seeker_B/Seeker_D are displaced elsewhere. Company_E is my next-best and is also relatively attainable because Company_E ranks me 3rd and Seeker_B/Seeker_C are lower; placing it second maximizes my chance to land there if I’m rejected from D. Company_C ranks me 2nd (good fallback) so I put it third. Company_B ranks me last, so it’s a weaker option and goes fourth. Company_A ranks me 1st, but most seekers who would apply there (as a fallback) can outrank each other in ways that make A uncertain and, in any case, it is my least-preferred acceptable firm, so I keep it last.",True,Company_E,True,False,2
8,Seeker_A,"['Company_D', 'Company_A', 'Company_B', 'Company_E', 'Company_C']","['Company_D', 'Company_A', 'Company_B', 'Company_E', 'Company_C']","Under job-seeker-proposing deferred acceptance, reporting my true preferences is a dominant strategy: it yields the best achievable stable match for me given others’ preferences and companies’ priorities. Simulating the market, applying first to Company_D gets me rejected (Company_D prioritizes Seeker_B and Seeker_B applies there first), then applying to Company_A also leads to rejection (Company_A ultimately keeps Seeker_C over me), and then applying to Company_B results in acceptance (Company_B ranks me above other remaining applicants). Any misreport that delays applying to Company_B risks losing it to Seeker_C, while I cannot obtain Company_D or Company_A due to priorities. Therefore I submit my true order.",True,Company_A,True,True,2
8,Seeker_B,"['Company_E', 'Company_A', 'Company_B', 'Company_D', 'Company_C']","['Company_E', 'Company_A', 'Company_B', 'Company_D', 'Company_C']","Given the applicant-proposing deferred acceptance process, I should rank companies in my true order because I only move down the list if rejected, and proposing to a less-preferred company first can only risk getting locked into a worse final match. In particular, although Company_E ranks me 4th and I’m unlikely to win it against higher-priority applicants, applying there first is still optimal since it cannot harm me: if rejected, I proceed to Company_A, then Company_B, etc. Also, Company_D ranks me 1st, so keeping it above Company_C ensures I will secure at least Company_D if earlier options fail.",True,Company_B,True,True,3
8,Seeker_C,"['Company_D', 'Company_C', 'Company_E', 'Company_A', 'Company_B']","['Company_C', 'Company_D', 'Company_E', 'Company_A', 'Company_B']","I want Company_D most, but Company_D’s top priority is Seeker_B, who also ranks Company_D low but will likely end up applying there after being rejected by Company_E, Company_A, and Company_B (where those firms prefer other seekers over Seeker_B). That makes it very hard for me to ultimately hold Company_D, since Company_D prefers Seeker_B over me. Company_C is my second choice, and Company_C’s top priority is Seeker_D, but Seeker_D is likely to secure Company_B (which ranks Seeker_D first) early and therefore won’t continue to Company_C. Also, Company_C ranks me last, but the other likely applicant to Company_C (Seeker_E) is prioritized over me and may reach Company_C only if displaced elsewhere; however Seeker_E is likely to land Company_A (where Seeker_E is top priority) after being rejected by Company_D. Given these dynamics, my best achievable stable outcome is most plausibly Company_C, so I should apply to Company_C first to avoid being stuck later with an even worse option. After that, I list remaining true preferences in descending order.",False,Company_C,True,True,2
8,Seeker_D,"['Company_D', 'Company_B', 'Company_C', 'Company_A', 'Company_E']","['Company_D', 'Company_B', 'Company_C', 'Company_A', 'Company_E']","I can safely rank my true top choice Company_D first because Company_D’s priority list ranks Seeker_B above me, so if Seeker_B applies there (they do as their first choice), I will be rejected regardless of any alternative ordering. My best achievable match is therefore Company_B, where I am ranked #1 in priority; to ensure I reach Company_B as soon as possible after the inevitable rejection from Company_D, I place Company_B second. Company_C is next best and also ranks me #1, so it is a strong fallback if something unexpected displaced me at B. Company_A and Company_E are ranked lower in my true preferences and also give me weaker priority positions than at B/C, so I keep them in true-preference order at the end.",True,Company_D,True,True,1
8,Seeker_E,"['Company_D', 'Company_E', 'Company_C', 'Company_B', 'Company_A']","['Company_E', 'Company_D', 'Company_C', 'Company_B', 'Company_A']","I want Company_D most, but it will receive multiple first-round applications (A, C, D, and me). Company_D’s priority ranks Seeker_B and Seeker_D above me, so I would be rejected there if either applies. Seeker_D applies to Company_D first and is ranked above me, so I cannot secure Company_D. My next best is Company_E; while Seeker_B applies to Company_E first, Company_E prioritizes me above Seeker_B, so if I apply to Company_E in round 1 I will be held there and can only be displaced by Seeker_A or Seeker_D, but both apply elsewhere first and are likely to get/keep those seats. Thus ranking Company_E first maximizes my chance of locking in my best achievable match. The remaining order follows my true preferences among the rest.",False,Company_E,True,True,2
9,Seeker_A,"['Company_D', 'Company_A', 'Company_B', 'Company_E', 'Company_C']","['Company_D', 'Company_A', 'Company_B', 'Company_E', 'Company_C']","Given full information and a seeker-proposing deferred acceptance process, the best strategy is to report my true preferences. Misreporting (e.g., ranking Company_E first) is risky because it can lead me to miss a chance at a more-preferred company without improving my final match. With truthful ranking, I apply to Company_D first (my top choice). Although Company_D prioritizes me last and will reject me in favor of higher-priority applicants, I then move to Company_A, where I outrank Seeker_B and can secure the seat once higher-priority seekers (Seeker_E and Seeker_C) are held elsewhere. This yields my best achievable outcome given others’ preferences and companies’ priorities.",True,Company_A,True,True,2
9,Seeker_B,"['Company_E', 'Company_A', 'Company_B', 'Company_D', 'Company_C']","['Company_E', 'Company_A', 'Company_B', 'Company_D', 'Company_C']","Given all seekers’ preferences and companies’ priorities, I can safely rank truthfully. If I apply to Company_E first, I will likely be rejected because Company_E prioritizes Seeker_A and Seeker_D above me and both are likely to apply there after being rejected from Company_D. Applying to Company_A next is also unlikely to succeed because Company_A ranks me last. Company_B is my best realistic target: Company_B ranks me 3rd, and the higher-priority seekers (Seeker_D and Seeker_A) are expected to be matched elsewhere (Seeker_D at Company_C and Seeker_A at Company_E) in the applicant-proposing process. With truth-telling, the expected final outcome is I get Company_B, and misreporting by moving Company_B earlier does not improve upon that (I still can’t beat higher-priority applicants at E or A, and I already reach B when rejected). Therefore I submit my true preference order.",True,Company_B,True,True,3
9,Seeker_C,"['Company_D', 'Company_C', 'Company_E', 'Company_A', 'Company_B']","['Company_D', 'Company_C', 'Company_E', 'Company_A', 'Company_B']","I rank Company_D first because it is my top true choice and, given Company_D’s priority order, I am ahead of Seeker_A and only behind Seeker_B/Seeker_D/Seeker_E; importantly, Seeker_B’s first choice is Company_E, so I have a realistic chance at Company_D if higher-priority seekers don’t apply there. If rejected from D, my next-best is Company_C, but Company_C strongly prioritizes Seeker_D and Seeker_E; still, it is my second true choice and worth attempting before moving on. Company_E is third: although it is popular (Seeker_B ranks it first and Company_E prioritizes Seeker_A/Seeker_D/Seeker_E above me), it remains preferable to A or B. Company_A is fourth: I have relatively good priority there (2nd), making it a solid fallback if earlier attempts fail. Company_B is last because I have low priority there (4th) and it is my least-preferred acceptable company.",True,Company_C,True,True,2
9,Seeker_D,"['Company_D', 'Company_B', 'Company_C', 'Company_A', 'Company_E']","['Company_D', 'Company_B', 'Company_C', 'Company_A', 'Company_E']","Apply to Company_D first because it is my top true preference and I have the 2nd-highest priority there; only Seeker_B can beat me, and they will start at Company_E (their top), so I should secure Company_D immediately. If somehow rejected later, my best fallback is Company_B where I am the top priority, then Company_C where I am also top priority. Company_A is next (I am 3rd priority), and Company_E last (I am 2nd priority but it is my least preferred). This order maximizes the chance of locking in my highest-ranked feasible match under the deferred acceptance process.",True,Company_D,True,True,1
9,Seeker_E,"['Company_D', 'Company_E', 'Company_C', 'Company_B', 'Company_A']","['Company_E', 'Company_D', 'Company_C', 'Company_B', 'Company_A']","Given others’ first choices, Company_D will receive multiple first-round applications (from Seekers A, C, D, and me). Company_D’s priority ranks me behind Seeker_B and Seeker_D, so I would be rejected there if Seeker_D applies (they do). To avoid wasting an early round on a near-certain rejection, I rank Company_E first: it is my #2 true preference and I have relatively strong priority there (3rd), and the main competitor (Seeker_B) is likely to be displaced elsewhere because Company_E ranks Seeker_B below me. From Company_E I can hold a seat while higher-priority candidates (A, D) get absorbed by their preferred options, yielding my best attainable stable outcome. I then list the remaining companies in true-preference order as fallbacks.",False,Company_E,True,True,2
10,Seeker_A,"['Company_D', 'Company_A', 'Company_B', 'Company_E', 'Company_C']","['Company_D', 'Company_A', 'Company_B', 'Company_E', 'Company_C']","Using the job-seeker-proposing deferred acceptance rules, I should rank truthfully because misreporting cannot improve my final match and can only risk losing a more-preferred feasible match. Given all preferences/priorities, applying to Company_D first is still best even though I have low priority there; if rejected, Company_A is my next best option and I have higher priority at A than Seeker_B, who is the main competitor likely to apply there after failing at E. If rejected again, Company_B is next where I have strong priority (2nd). Then Company_E (where I am top priority) and finally Company_C.",True,Company_A,True,True,2
10,Seeker_B,"['Company_E', 'Company_A', 'Company_B', 'Company_D', 'Company_C']","['Company_E', 'Company_A', 'Company_B', 'Company_D', 'Company_C']","I should apply truthfully. In a job-seeker-proposing deferred acceptance process, ranking a less-preferred company above a more-preferred one can only risk getting stuck with a worse match, since I can always be rejected and move down later. Given priorities, I am first choice at Company_D but prefer Company_E/A/B over D; however I am low priority at E and A, so I will likely be rejected there anyway and then can fall back to D. Putting D earlier would unnecessarily increase the chance of matching there before attempting higher true preferences.",True,Company_B,True,True,3
10,Seeker_C,"['Company_D', 'Company_C', 'Company_E', 'Company_A', 'Company_B']","['Company_D', 'Company_C', 'Company_E', 'Company_A', 'Company_B']","I should rank truthfully because the mechanism is the job-seeker-proposing deferred acceptance algorithm, where submitting my true preferences is a dominant strategy. Any attempt to “game” by lowering Company_D (my top choice) could only risk losing it without improving my final match. Given others’ preferences, Company_D will ultimately choose among applicants by its priority list; applying there first maximizes my chance to hold it if possible, and if rejected I then move to my next-best options in order (Company_C, then Company_E, then Company_A, then Company_B).",True,Company_C,True,True,2
10,Seeker_D,"['Company_D', 'Company_B', 'Company_C', 'Company_A', 'Company_E']","['Company_D', 'Company_B', 'Company_C', 'Company_A', 'Company_E']","To maximize my outcome under seeker-proposing deferred acceptance, I should apply in my true preference order. I have strong priority at Company_B and Company_C (ranked 1st at both), making them very safe fallbacks if I lose competition at Company_D (where Seeker_B has higher priority and is likely to apply there after being rejected from Company_E). Misstating by ranking B/C above D could unnecessarily forgo my chance at my top choice without improving my final assignment, since I can still fall back to B or C if rejected from D.",True,Company_D,True,True,1
10,Seeker_E,"['Company_D', 'Company_E', 'Company_C', 'Company_B', 'Company_A']","['Company_D', 'Company_E', 'Company_C', 'Company_B', 'Company_A']","Given full information, I can guarantee my top feasible outcome by applying to Company_D first. Company_D’s top priority is Seeker_B, who will apply to Company_E first and will be accepted there (Company_E ranks Seeker_B above Seeker_C, who also applies to E). With Seeker_B not competing at D, the only likely D applicants are Seeker_A/Seeker_C/Seeker_D (all rank D first) and me; Company_D’s priority among us is Seeker_D > Seeker_E > Seeker_C > Seeker_A, so I lose D only if Seeker_D applies there (which they do). If I instead try to avoid D and target Company_E first, I would still face strong competition and risk being pushed down. Keeping my true order after D is best: if rejected by D, my next best is E, where I have decent priority (3rd) and can win if higher-priority seekers are placed elsewhere; then C (where I’m 2nd priority) as a strong fallback, then B, then A.",True,Company_E,True,True,2
